"Term","Estimate","Std. Error","t value","Pr(>|t|)"
"(Intercept)",-12949.4910230557,5257.29064366106,-2.46314915814469,0.0142044572207515
"Age",2273.31393795097,184.365863956211,12.3304492988513,1.02709864324387e-29
