"Metric","Value"
"R-squared",0.281014316051837
"Adjusted R-squared",0.279166023805184
"Residual Std. Error",7566.50083220318
"F-statistic",152.039979911542
"Model p-value",1.02709864324377e-29
"N used",391
