"Metric","Value"
"R-squared",0.87578663228936
"Adjusted R-squared",0.873722144183366
"Residual Std. Error",3230.06049869225
"F-statistic",424.214908163729
"Model p-value",3.99916790368074e-160
"N used",368
